query,response,sources,num_chunks,response_length,context_relevance,faithfulness,answer_relevance,completeness,rag_score
What is this document about?,"This document, 2312.10997v5.pdf, appears to be a comprehensive study on Retrieval-Augmented Generation (RAG) systems and Large Language Models (LLMs). It discusses various aspects of these systems, including their advantages, challenges, and methods of optimization. The document covers topics such as the transformation of information retrieval, query optimization, embedding in RAG, and adaptive retrieval methods. It also delves into the evaluation of RAG models, including the main downstream tasks of RAG, datasets, and how to evaluate RAG systems. The document further discusses specific techniques and models related to these systems, such as the KGP method, the Chain-of-Verification (CoVe) method, and the use of embedding models like AngIE, Voyage, and BGE.",2312.10997v5.pdf,3,767,0.27563950419425964,0.2,0.14414292573928833,0.8,0.324945607483387
What are the main topics covered?,"The main topics covered in the provided documents include:

1. The application of Large Language Models (LLMs) in various fields such as mathematical reasoning, problem-solving and logical reasoning, law, finance, and robotics. This includes their use in drafting scientific documents, solving mathematical problems, analyzing legal texts, processing financial data, and enhancing human-robot interaction (2307.06435v10.pdf).

2. The challenges and future directions of LLMs, including computational cost, bias and fairness, overfitting, and the balance between memorization and generalization (2307.06435v10.pdf).

3. The evaluation of LLMs using various datasets and benchmarks. These datasets test the models on tasks such as multi-task learning, language understanding, physical knowledge and world understanding, contextual language understanding, commonsense reasoning, reading comprehension, mathematical reasoning, problem-solving, and others (2307.06435v10.pdf).

4. The use of LLMs in conversation, knowledge-grounded dialogue, fact-checking, summarization, code search, and solving math word problems (2312.10997v5.pdf).

5. The development and evaluation of Retrieval-Augmented Generation (RAG) applications (2312.10997v5.pdf). 

Please note that these are broad topics and each contains subtopics and specific examples.","2312.10997v5.pdf, 2307.06435v10.pdf",3,1332,0.2264128476381302,0.9,0.33064931631088257,0.9,0.5892655409872533
What are the key points mentioned?,"The key points mentioned in the provided context are:

1. Various datasets and benchmarks used for evaluating Large Language Models (LLMs) are discussed, including PIQA, TriviaQA, ARC, and RACE among others. These datasets test models on various tasks such as reading comprehension, physical knowledge, world understanding, and contextual language understanding (2307.06435v10.pdf).

2. The document also discusses the application of LLMs in various fields such as scientific research, mathematics, law, finance, and robotics. For instance, LLMs can assist in solving mathematical problems, analyzing legal documents, processing industry-specific language and concepts in finance, and enhancing human-robot interaction (2307.06435v10.pdf).

3. The challenges and future directions of LLMs are also highlighted. These include computational cost, biases and fairness, overfitting, and the balance between memorization and generalization. The document also mentions the potential of integrating multi-modality and the effectiveness of transfer learning (2307.06435v10.pdf).

4. The document provides information on the performance of various models on Mathematical Reasoning and Problem Solving tasks (2307.06435v10.pdf).

5. The document also includes references to various research papers and studies related to LLMs and their applications (2307.06435v10.pdf).",2307.06435v10.pdf,3,1359,0.28283587098121643,1.0,0.21172590553760529,0.8,0.5836404441297054
What details are provided about the main subject?,"The main subject across the provided documents appears to be Language and Large Models (LLMs). The documents discuss various aspects of LLMs, including their applications, evaluation, and data collection processes.

From the document [2307.06435v10.pdf], it's clear that LLMs are used in various fields including medicine, education, science, and mathematics. They are used in tasks like data analysis, clinical decision support systems, enhancing learning experiences, summarizing scientific literature, and solving mathematical problems. The document also discusses various datasets used to evaluate LLMs, such as PIQA, TriviaQA, ARC, and RACE, among others.

The document [2304.02643v1.pdf] discusses the data collection process for a specific project. It mentions that the data was collected from an image provider, and the images were licensed. The images were then processed to remove identifiable information for privacy reasons. The document also mentions the use of a segmentation model, SAM, in the process.

In summary, the main subject revolves around the use, evaluation, and data handling processes involved with Large Language Models.","2304.02643v1.pdf, 2307.06435v10.pdf",3,1149,0.2092885971069336,0.8,0.3801056146621704,0.8,0.547348552942276
What examples or cases are discussed?,"The documents discuss several examples and cases. 

From the document ""1706.03762v7.pdf"", it discusses the case of American governments passing new laws since 2009 that have made the registration or voting process more difficult. It also provides examples of the attention mechanism in the encoder self-attention in layer 5 of 6, specifically how it follows long-distance dependencies and completes the phrase 'making...more difficult'. 

From the document ""2304.02643v1.pdf"", it discusses the case of a dataset of images. The images have been processed to blur faces and license plates to protect identities. Each image is annotated with masks, and the dataset does not identify any subpopulations of the people in the photos. The document also discusses the process of data collection and validation, including the use of a segmentation model, SAM, to infer masks associated with each image. It also mentions the ethical review processes conducted, and how the data was licensed from a third party photo provider.","1706.03762v7.pdf, 2304.02643v1.pdf",3,1015,0.21977396309375763,0.8,0.3167931139469147,0.8,0.5341417692601681
